cust id,"managerial priority (A(bsolute), H(igh), N(ormal), D(oNotSend), U(nknown), X(tremAbsolute))","pricing method (V(ariable), F(ixed), C(ontinent), U(known))",prob of success,contingent price
1,N,V,0.0004164,0
2,N,V,0.0005908,0
3,N,U,0.0000872,0
4,N,V,0.000283,0.0044
5,N,U,0.0001464,0
6,N,U,0.0000776,0
7,N,V,0.0007104,0
8,N,V,0.0008239,0
9,N,U,0.0001264,0
10,D,V,0.0002581,0.00362
11,N,V,0.0009833,0
12,N,V,0.0003951,0.00692
13,N,U,0.0000691,0
14,N,V,0.0006172,0
15,N,V,0.0006061,0
16,D,V,0.0004553,0
17,N,U,0.0001592,0
18,N,V,0.0004505,0
19,D,V,0.000257,0
20,N,U,0.0001326,0
21,N,U,0.0000203,0
22,N,U,0.0000617,0
23,N,V,0.0006306,0
24,D,V,0.0006614,0.0124
25,N,V,0.0006424,0.01314
26,D,V,0.0008188,0
27,D,V,0.0006274,0.01078
28,N,V,0.0009478,0.01926
29,N,V,0.000708,0.01237
30,N,V,0.0008199,0
31,N,V,0.0006008,0
32,N,V,0.0008385,0
33,N,V,0.0005785,0
34,N,V,0.0001965,0.00247
35,N,V,0.0009982,0
36,N,U,0.0001617,0
37,N,U,0.0001146,0
38,N,U,0.0000245,0
39,D,V,0.0005036,0.00882
40,N,V,0.0005104,0.01009
41,N,V,0.000459,0.00829
42,N,V,0.0005848,0
43,N,U,0.0001062,0
44,N,V,0.0009223,0
45,N,V,0.000571,0
46,D,V,0.0004313,0
47,N,V,0.000912,0.01897
48,N,V,0.0004922,0.00955
49,N,U,0.0000658,0
50,N,V,0.000645,0
51,N,V,0.0004687,0.00787
52,D,V,0.0007876,0.01481
53,N,V,0.0009504,0.01921
54,N,U,0.00004,0
55,N,U,0.0000343,0
56,N,V,0.0004563,0
57,N,V,0.0006161,0.01265
58,N,V,0.0008787,0.01875
59,N,V,0.0002388,0
60,N,V,0.0004929,0
61,D,V,0.0007096,0
62,N,U,0.0001585,0
63,N,V,0.000867,0
64,N,V,0.000863,0.01546
65,D,V,0.0003097,0
66,N,V,0.0009306,0
67,N,V,0.0002519,0
68,N,V,0.0002541,0
69,N,V,0.0005324,0.00877
70,N,V,0.0004686,0
71,D,V,0.0003243,0
72,N,V,0.0003085,0
73,N,V,0.0004711,0.00765
74,N,V,0.0002119,0
75,N,V,0.0002124,0
76,N,V,0.0002014,0.00264
77,N,V,0.0003066,0
78,N,U,0.0001322,0
79,N,V,0.0004871,0.00791
80,N,V,0.0003626,0
81,N,U,0.0000772,0
82,N,U,0.000163,0
83,N,V,0.0008767,0
84,N,V,0.0005489,0
85,N,V,0.0007251,0
86,N,V,0.0007385,0
87,N,V,0.0008534,0
88,D,V,0.0008044,0
89,N,V,0.0006292,0.01137
90,N,V,0.0004409,0
91,N,V,0.0004399,0
92,N,V,0.0004903,0
93,N,V,0.0003964,0.00654
94,N,V,0.0004751,0.00858
95,N,V,0.0006406,0.01265
96,N,V,0.0009109,0.01853
97,N,V,0.0009485,0.01754
98,N,U,0.0000869,0
99,N,V,0.0005983,0.01124
100,N,U,0.0000817,0
101,N,U,0.0001275,0
102,N,V,0.0009243,0
103,N,U,0.0001156,0
104,N,V,0.0001872,0.00229
105,N,V,0.0002379,0.00328
106,D,V,0.0002352,0
107,N,U,0.0000272,0
108,N,U,0.0001033,0
109,N,V,0.0004946,0.00969
110,D,V,0.0009332,0.01978
111,N,V,0.0009447,0.02008
112,N,V,0.0008589,0.01559
113,N,V,0.0005077,0
114,D,V,0.0005922,0.01138
115,N,U,0.0000595,0
116,N,V,0.0004423,0
117,N,V,0.0006285,0
118,D,V,0.0004668,0
119,N,V,0.000581,0
120,N,V,0.000878,0.01801
121,N,V,0.0003954,0.00699
122,N,U,0.0001742,0
123,N,U,0.0000648,0
124,N,V,0.0005977,0
125,D,V,0.0008424,0.01628
126,N,V,0.0005382,0
127,N,U,0.0001626,0
128,N,V,0.0003275,0.00538
129,D,V,0.0007404,0.01483
130,N,V,0.0003179,0
131,N,V,0.0008884,0
132,N,V,0.0002584,0
133,N,V,0.0006221,0.01278
134,N,V,0.0008752,0.01599
135,N,U,0.0000737,0
136,N,V,0.0008039,0.01552
137,N,U,0.000082,0
138,N,V,0.0005332,0.0092
139,N,V,0.0009723,0
140,N,V,0.0005188,0.01007
141,N,V,0.0003543,0
142,N,V,0.0008046,0.01604
143,N,V,0.000302,0.0046
144,N,V,0.0005345,0
145,N,V,0.0006377,0
146,N,V,0.0004297,0.00691
147,D,V,0.0008589,0.01692
148,N,V,0.0003015,0.00441
149,N,U,0.0000804,0
150,D,V,0.000631,0.01203
151,N,V,0.0005126,0.00991
152,N,V,0.0003541,0
153,N,U,0.0000405,0
154,N,V,0.0003473,0
155,N,U,0.0001091,0
156,D,V,0.0002994,0.00453
157,N,V,0.0003681,0.00606
158,D,V,0.0002807,0.00388
159,N,V,0.0004082,0.00714
160,N,U,0.0000191,0
161,N,V,0.0008515,0
162,N,V,0.0004471,0
163,N,V,0.0009454,0.01762
164,N,V,0.0007913,0.01541
165,N,V,0.0004492,0
166,N,U,0.000091,0
167,N,U,0.0000239,0
168,N,V,0.0005846,0.01096
169,N,U,0.0001097,0
170,D,V,0.0002372,0
171,N,V,0.0007863,0
172,D,V,0.0008041,0
173,N,V,0.0002051,0
174,N,V,0.000972,0.018
175,N,V,0.0008905,0.0168
176,N,V,0.0004996,0
177,N,V,0.0008526,0
178,N,V,0.0002415,0.00335
179,N,V,0.0007455,0.01353
180,N,V,0.0009269,0.01802
181,N,V,0.0003055,0.00468
182,N,U,0.000128,0
183,N,V,0.0009726,0
184,N,V,0.0008935,0.01705
185,N,V,0.0003385,0.00549
186,N,V,0.0004587,0
187,N,V,0.0006187,0
188,N,V,0.0009647,0
189,N,V,0.0005249,0
190,N,V,0.0007715,0
191,D,V,0.0003895,0.00593
192,N,U,0.000057,0
193,N,V,0.0007014,0
194,N,V,0.0006044,0.01032
195,N,V,0.0003885,0
196,D,V,0.0006184,0.01252
197,N,U,0.0000764,0
198,N,U,0.0001409,0
199,N,V,0.0008563,0.01628
200,N,V,0.0003555,0.0062
201,N,U,0.0001629,0
202,N,U,0.0001492,0
203,D,V,0.0009999,0
204,N,U,0.0000584,0
205,D,V,0.0002834,0.00402
206,N,V,0.0005972,0
207,D,V,0.0007708,0.01579
208,N,V,0.0008316,0
209,N,V,0.0003391,0
210,N,V,0.000686,0
211,N,V,0.0003194,0.005
212,N,V,0.0002482,0.00353
213,N,U,0.0001342,0
214,N,U,0.0000785,0
215,N,V,0.0005204,0.0093
216,N,U,0.0000218,0
217,N,V,0.0004217,0
218,N,V,0.0005507,0.00958
219,N,V,0.0007094,0
220,N,V,0.0008169,0
221,N,V,0.0007727,0
222,D,V,0.000925,0
223,N,V,0.0008373,0.01715
224,N,V,0.0007233,0
225,N,U,0.0000579,0
226,N,V,0.0004273,0.0069
227,N,V,0.0005742,0.00963
228,N,V,0.0001947,0
229,N,U,0.0000011,0
230,N,U,0.0000645,0
231,N,V,0.0009758,0
232,N,U,0.0000745,0
233,N,V,0.0002294,0
234,D,V,0.000439,0.00716
235,N,V,0.0004007,0.00674
236,N,V,0.0002465,0
237,D,V,0.0008541,0
238,N,V,0.0005903,0
239,N,U,0.0000696,0
240,N,U,0.0000785,0
241,N,U,0.0000272,0
242,D,V,0.00094,0
243,N,U,0.000101,0
244,N,U,0.0001598,0
245,N,U,0.0001441,0
246,N,U,0.0001283,0
247,N,V,0.0004718,0.00906
248,N,V,0.0007309,0.01375
249,N,V,0.0002803,0.00452
250,N,V,0.0008993,0.01846
251,N,V,0.0007935,0.01608
252,N,V,0.0008727,0.01649
253,N,V,0.0007955,0.01557
254,N,V,0.000662,0
255,N,V,0.0003908,0.00609
256,N,U,0.0000944,0
257,N,V,0.0007003,0
258,D,V,0.0007753,0.01415
259,N,V,0.000523,0.01038
260,N,V,0.0005993,0
261,N,U,0.0001066,0
262,N,U,0.0001202,0
263,N,V,0.0006556,0
264,N,V,0.0003172,0.00541
265,N,V,0.0007668,0
266,N,V,0.0002353,0
267,N,V,0.0009828,0
268,N,U,0.0001285,0
269,N,V,0.0001982,0
270,D,V,0.000824,0
271,N,V,0.0006254,0.01083
272,N,V,0.0003275,0
273,N,V,0.0005748,0
274,N,V,0.000601,0.01199
275,N,V,0.0009242,0
276,N,V,0.0009002,0.01718
277,N,V,0.0008535,0
278,N,V,0.0006213,0
279,N,V,0.0004234,0.00802
280,N,V,0.0002575,0.00402
281,N,V,0.000665,0.01181
282,N,V,0.0008914,0
283,D,V,0.000988,0
284,N,V,0.0007591,0
285,N,V,0.000661,0
286,N,U,0.0001663,0
287,N,V,0.0008104,0
288,N,V,0.0007814,0.01611
289,N,V,0.0007899,0.01417
290,N,U,0.0001666,0
291,N,V,0.0009521,0
292,N,U,0.0000506,0
293,N,V,0.000967,0.01875
294,N,V,0.000997,0
295,N,V,0.000673,0
296,N,U,0.0000982,0
297,N,V,0.0009617,0.02099
298,N,V,0.0006196,0.01132
299,N,V,0.0004608,0
300,D,V,0.0002082,0.0027
301,N,V,0.0003497,0
302,N,V,0.0003474,0.00528
303,N,V,0.0002455,0
304,N,U,0.0001779,0
305,D,V,0.0005943,0
306,N,V,0.0004221,0.00722
307,N,V,0.000791,0.01518
308,N,V,0.0002699,0
309,D,V,0.0004197,0
310,N,V,0.0002106,0
311,N,V,0.0006026,0
312,D,V,0.0009413,0.01787
313,N,U,0.0000987,0
314,N,U,0.0000815,0
315,N,U,0.0001279,0
316,D,V,0.0006994,0
317,N,V,0.0001969,0.00248
318,N,V,0.0002116,0
319,N,V,0.0009969,0.01858
320,N,V,0.0005152,0.00975
321,D,V,0.0003607,0.00638
322,D,V,0.0004648,0.00797
323,N,V,0.0009303,0.02011
324,N,V,0.0003244,0.0048
325,N,V,0.000308,0
326,N,V,0.0003507,0.00608
327,N,V,0.0009412,0.01987
328,D,V,0.0009968,0
329,N,V,0.0003482,0
330,N,V,0.0006644,0.01332
331,N,V,0.0006654,0
332,N,V,0.0002113,0.00267
333,D,V,0.0007991,0
334,N,V,0.0005942,0.01201
335,N,V,0.0004359,0
336,N,V,0.0005433,0
337,N,V,0.0002809,0.00379
338,N,V,0.0002918,0
339,N,V,0.0009272,0
340,N,U,0.0001296,0
341,N,U,0.0001598,0
342,N,V,0.0005394,0.01004
343,N,V,0.0002302,0.00332
344,N,V,0.0009625,0
345,N,V,0.0001832,0
346,N,V,0.0008496,0.01552
347,N,V,0.0008577,0
348,N,V,0.000777,0
349,N,V,0.0006927,0
350,N,V,0.0003611,0
351,N,U,0.0001067,0
352,N,V,0.0005527,0
353,N,V,0.0002691,0.00398
354,N,V,0.000253,0
355,N,V,0.0004349,0.00813
356,N,V,0.0007516,0.01467
357,N,V,0.0009662,0
358,D,V,0.0003801,0.00653
359,N,V,0.0005603,0
360,D,V,0.0002029,0.00249
361,N,U,0.0001527,0
362,N,V,0.0003731,0.00592
363,N,V,0.0003657,0
364,N,V,0.0005159,0.00878
365,N,V,0.0008874,0.01726
366,N,V,0.0004492,0.00723
367,N,V,0.0005459,0.00991
368,N,U,0.0001464,0
369,N,V,0.0009208,0
370,N,V,0.0002711,0.00436
371,N,V,0.0008185,0
372,D,V,0.0005751,0.0104
373,N,U,0.0001027,0
374,N,V,0.0006402,0
375,N,U,0.0001612,0
376,N,V,0.0005445,0.00912
377,N,V,0.0009394,0
378,D,V,0.0004363,0.00816
379,N,V,0.0004932,0
380,N,V,0.0006623,0.01283
381,N,V,0.000364,0
382,D,V,0.0005945,0.01001
383,N,U,0.0001569,0
384,N,V,0.0008403,0
385,N,V,0.0005412,0.01026
386,N,V,0.0006891,0.01313
387,N,V,0.0001918,0.00214
388,N,V,0.0003564,0
389,N,V,0.0005294,0
390,N,U,0.0001373,0
391,N,V,0.0004669,0.00843
392,N,V,0.0005161,0
393,N,V,0.000554,0.00958
394,N,U,0.0000758,0
395,N,V,0.000712,0.01285
396,N,V,0.0009177,0.01914
397,N,V,0.000445,0
398,D,V,0.0003699,0
399,N,V,0.0003011,0
400,N,U,0.000135,0
401,N,V,0.0006535,0.01127
402,D,V,0.000413,0
403,N,V,0.0006337,0
404,N,V,0.000264,0
405,N,U,0.0000169,0
406,N,V,0.0001988,0
407,N,V,0.0005051,0.00972
408,N,V,0.0009198,0
409,N,V,0.0006626,0
410,N,V,0.0007904,0.01687
411,N,V,0.0007208,0
412,N,V,0.0004376,0
413,N,V,0.0007331,0
414,N,V,0.0004564,0
415,N,V,0.0002403,0
416,N,V,0.0009179,0
417,N,V,0.0007819,0.01609
418,N,V,0.0003198,0.00474
419,N,V,0.0005083,0
420,N,V,0.0004284,0
421,N,V,0.0008348,0
422,N,V,0.0008005,0.01693
423,N,U,0.000156,0
424,N,V,0.0007066,0
425,N,V,0.0006381,0
426,N,V,0.0007948,0.01482
427,N,V,0.0003513,0
428,D,V,0.0009235,0.01928
429,N,V,0.0005775,0
430,N,V,0.0003626,0.0056
431,N,V,0.0003391,0
432,N,V,0.0008503,0
433,N,V,0.0003916,0.00682
434,N,U,0.0000316,0
435,N,V,0.0005872,0.0115
436,N,V,0.0004675,0.0089
437,D,V,0.0009119,0.01671
438,N,U,0.000158,0
439,N,V,0.000245,0
440,N,V,0.0004182,0.0072
441,N,U,0.0000235,0
442,N,V,0.0003174,0
443,N,V,0.0009608,0.0178
444,N,V,0.0009212,0.01731
445,D,V,0.0002627,0
446,N,V,0.0004795,0
447,N,V,0.0001898,0.0022
448,N,V,0.0008072,0
449,N,V,0.0007835,0.0157
450,N,V,0.0007739,0.01424
451,N,V,0.0004982,0.00974
452,N,U,0.0000104,0
453,N,V,0.0002018,0
454,N,V,0.0007696,0.0148
455,N,V,0.0009273,0
456,N,V,0.0003651,0
457,N,U,0.0000297,0
458,D,V,0.0005559,0.00992
459,N,V,0.000516,0
460,N,V,0.0003198,0
461,D,V,0.0003202,0.00516
462,N,V,0.0002679,0
463,N,V,0.0004908,0.00889
464,N,U,0.0001463,0
465,N,V,0.0006892,0
466,D,V,0.0007064,0.01403
467,N,V,0.000963,0
468,N,U,0.0000655,0
469,N,V,0.00026,0
470,D,V,0.0004488,0
471,N,U,0.0000701,0
472,D,V,0.0008247,0.01475
473,N,V,0.0006618,0.01145
474,N,U,0.0000082,0
475,N,U,0.0001731,0
476,N,V,0.0009428,0.01968
477,N,U,0.000148,0
478,N,V,0.0001982,0.0023
479,N,V,0.0005977,0.01197
480,N,U,0.0000105,0
481,N,U,0.000029,0
482,D,V,0.0007295,0
483,N,V,0.0009469,0
484,N,V,0.00041,0
485,N,V,0.0005038,0.00838
486,N,V,0.0005894,0.01007
487,D,V,0.000235,0
488,N,U,0.0001551,0
489,N,V,0.0009515,0.01968
490,N,V,0.0007673,0.01453
491,D,V,0.0008983,0
492,N,V,0.0008523,0
493,D,V,0.0009067,0
494,D,V,0.0001824,0
495,N,U,0.0000281,0
496,N,U,0.0001006,0
497,N,V,0.0004689,0
498,N,V,0.0003379,0
499,D,V,0.0002232,0.00312
500,N,V,0.0002768,0.00443
501,N,V,0.0003036,0
502,N,U,0.0001462,0
503,N,V,0.000743,0.01386
504,N,U,0.0000308,0
505,D,V,0.0004526,0
506,N,V,0.000802,0.01603
507,N,U,0.0001577,0
508,N,V,0.0009871,0.02136
509,N,V,0.000778,0
510,N,V,0.0005198,0.00893
511,N,U,0.0000873,0
512,N,V,0.000349,0.00531
513,N,U,0.0001289,0
514,N,U,0.0001064,0
515,N,V,0.0008274,0.01754
516,D,V,0.0003399,0
517,N,V,0.0007751,0
518,N,V,0.0002239,0.00306
519,N,V,0.0006802,0.01218
520,D,V,0.0008144,0.01667
521,N,V,0.0007966,0
522,D,V,0.0006276,0.01291
523,D,V,0.0004365,0.00689
524,N,U,0.0001641,0
525,D,V,0.000471,0
526,N,V,0.0002093,0
527,N,V,0.0002989,0
528,N,V,0.000737,0.01535
529,N,U,0.0001281,0
530,N,V,0.0005987,0
531,N,V,0.0004777,0.00796
532,N,U,0.0001749,0
533,N,U,0.0001229,0
534,N,V,0.0001833,0.00211
535,N,V,0.0005444,0
536,N,V,0.0006488,0.01333
537,N,U,0.0000192,0
538,N,V,0.0004522,0.00772
539,N,U,0.000105,0
540,N,V,0.0005663,0.01118
541,N,V,0.0005609,0.01088
542,N,U,0.0000611,0
543,N,V,0.0002078,0.00272
544,N,V,0.0006651,0
545,N,V,0.0003602,0.00554
546,N,U,0.0000149,0
547,D,V,0.0008528,0
548,N,V,0.0004851,0
549,N,V,0.0009499,0.02009
550,D,V,0.0007186,0
551,N,V,0.0007932,0.01558
552,N,V,0.0009107,0.01909
553,N,U,0.0001687,0
554,D,V,0.0007467,0.01445
555,D,V,0.0005411,0.0096
556,N,V,0.0008774,0
557,N,V,0.0002804,0
558,N,U,0.0001318,0
559,D,V,0.0005257,0
560,N,V,0.0007062,0
561,N,V,0.0005496,0.01074
562,N,V,0.0009306,0
563,N,U,0.0000425,0
564,N,V,0.0009177,0
565,N,V,0.0003561,0
566,N,V,0.0009961,0
567,N,V,0.0007801,0
568,N,V,0.0008711,0.01635
569,N,V,0.0003343,0
570,N,V,0.0006734,0
571,N,V,0.0006769,0
572,N,V,0.000928,0
573,D,V,0.0004906,0
574,N,U,0.0000383,0
575,D,V,0.0005424,0.00905
576,N,V,0.0004349,0
577,D,V,0.000399,0.00673
578,N,V,0.0003065,0.00496
579,N,V,0.0006321,0.01271
580,D,V,0.0008226,0
581,N,V,0.0005208,0.00858
582,N,V,0.0003098,0
583,N,V,0.00019,0
584,N,U,0.0000802,0
585,N,U,0.0001169,0
586,N,V,0.0004563,0.00773
587,N,V,0.0003853,0
588,N,U,0.0000862,0
589,N,V,0.0007663,0.01505
590,N,U,0.0000152,0
591,D,V,0.0005609,0.01033
592,N,V,0.000896,0
593,N,V,0.0002663,0.00404
594,N,U,0.0000351,0
595,N,V,0.000861,0
596,N,V,0.0004321,0.00804
597,N,V,0.0001957,0.00234
598,N,V,0.0002715,0.00368
599,N,V,0.0004548,0
600,N,V,0.0007588,0
601,N,V,0.0006405,0
602,N,U,0.0000007,0
603,N,V,0.0002826,0.00394
604,N,V,0.0005546,0.01061
605,N,V,0.0002091,0
606,N,V,0.0009485,0.01764
607,N,V,0.0003019,0
608,N,U,0.0000208,0
609,N,V,0.000995,0.01837
610,D,V,0.0004334,0.00729
611,N,U,0.000061,0
612,N,U,0.0001667,0
613,N,V,0.0002866,0.00415
614,N,U,0.0001735,0
615,N,V,0.000504,0.00997
616,N,V,0.0004034,0.00714
617,N,V,0.0003164,0
618,N,V,0.0003406,0.00576
619,N,V,0.0007833,0
620,N,V,0.0007604,0.01516
621,N,V,0.0008384,0.01737
622,N,V,0.0002798,0
623,N,V,0.0008664,0
624,N,V,0.0003867,0.00588
625,N,U,0.0001051,0
626,N,V,0.0002214,0.00272
627,N,U,0.0000562,0
628,N,U,0.0001066,0
629,N,V,0.000375,0.00663
630,D,V,0.0006722,0.01189
631,D,V,0.0003043,0.00491
632,N,U,0.0000257,0
633,N,V,0.000893,0.01661
634,N,V,0.0006933,0.01249
635,N,V,0.0006729,0
636,N,V,0.0007068,0
637,N,V,0.0005834,0
638,N,V,0.0007094,0.01378
639,N,V,0.0007998,0.01483
640,N,V,0.0001818,0
641,N,V,0.0002023,0.00221
642,N,V,0.0004995,0.00823
643,N,V,0.0009719,0
644,N,V,0.0002043,0.00226
645,N,V,0.0009096,0.01778
646,N,V,0.0003621,0
647,N,U,0.0001337,0
648,N,V,0.0006286,0
649,N,U,0.0001324,0
650,N,V,0.0006328,0
651,N,V,0.000757,0.01519
652,N,V,0.0008237,0
653,N,U,0.0000214,0
654,N,U,0.0000729,0
655,N,V,0.0004616,0.00873
656,N,U,0.0000515,0
657,N,U,0.0000695,0
658,D,V,0.0005347,0
659,N,V,0.0003014,0.00494
660,N,V,0.0008982,0.01748
661,N,V,0.0006143,0
662,N,V,0.0008881,0.01782
663,N,U,0.0001037,0
664,N,U,0.0000798,0
665,N,V,0.0003775,0
666,N,V,0.0004475,0.00736
667,D,V,0.00052,0
668,D,V,0.0002364,0
669,N,U,0.0001056,0
670,N,V,0.0006458,0.01192
671,N,V,0.0004793,0
672,N,U,0.0001086,0
673,N,V,0.0003518,0
674,N,V,0.0008336,0
675,N,U,0.0001557,0
676,D,V,0.000359,0
677,N,V,0.0006335,0.01217
678,N,V,0.000433,0.00778
679,N,V,0.0004956,0.00879
680,N,V,0.0009439,0.01704
681,N,U,0.0000966,0
682,N,V,0.0002989,0
683,N,V,0.0003224,0.00549
684,N,V,0.0004021,0
685,N,V,0.0006489,0
686,N,U,0.0001186,0
687,N,V,0.0006921,0.01195
688,N,V,0.000427,0
689,N,V,0.0008557,0
690,N,V,0.000972,0.01794
691,N,V,0.000363,0
692,D,V,0.0002614,0.00404
693,N,V,0.0002938,0
694,N,V,0.0006883,0.01265
695,D,V,0.0003409,0.00505
696,N,V,0.0009719,0
697,D,V,0.000862,0.01729
698,N,V,0.000844,0.01664
699,N,V,0.0002098,0.00239
700,N,V,0.0005883,0
701,N,V,0.0003704,0.00604
702,N,V,0.0006759,0
703,D,V,0.0007155,0
704,N,V,0.0008451,0
705,D,V,0.0006258,0
706,N,U,0.0000043,0
707,N,V,0.0007455,0
708,N,V,0.0008218,0
709,N,V,0.0006453,0
710,N,V,0.0003675,0
711,N,V,0.0008622,0
712,N,V,0.0005816,0
713,N,V,0.0008936,0
714,N,U,0.000102,0
715,N,V,0.0006883,0.01208
716,N,V,0.0002513,0.00352
717,N,V,0.0006005,0
718,N,U,0.0001575,0
719,N,U,0.0001694,0
720,N,V,0.0005757,0
721,N,V,0.0003263,0
722,N,V,0.0007908,0
723,N,V,0.0006628,0.01204
724,N,V,0.0008554,0.01706
725,N,V,0.0007618,0
726,N,U,0.0000053,0
727,D,V,0.0009019,0
728,N,U,0.0001163,0
729,N,V,0.0009979,0.01844
730,D,V,0.0008587,0.01783
731,N,U,0.0000303,0
732,N,V,0.0005392,0.00982
733,N,V,0.0005622,0
734,N,V,0.0006059,0.01122
735,D,V,0.000751,0
736,N,V,0.0002629,0
737,N,U,0.0001453,0
738,N,V,0.0005368,0
739,N,V,0.0002146,0
740,D,V,0.0008159,0
741,N,V,0.0004179,0.0079
742,N,V,0.0006609,0
743,N,V,0.0004123,0.00758
744,N,U,0.0000726,0
745,N,V,0.0009995,0.01811
746,N,V,0.0002653,0
747,N,U,0.0001443,0
748,D,V,0.0004441,0
749,N,V,0.0005886,0
750,N,U,0.0000237,0
751,N,V,0.0006373,0.01243
752,N,V,0.0008084,0.01667
753,N,V,0.0005365,0.01009
754,N,V,0.000924,0
755,D,V,0.0003043,0.00479
756,N,V,0.0003468,0
757,N,V,0.0008792,0
758,N,V,0.0003001,0
759,N,V,0.0003144,0
760,N,U,0.0000614,0
761,N,V,0.000494,0.0094
762,N,V,0.0004135,0.00671
763,D,V,0.0004054,0
764,D,V,0.0007189,0
765,N,U,0.0000779,0
766,N,V,0.0004676,0
767,N,V,0.0007185,0.0149
768,D,V,0.0006289,0
769,D,V,0.0002283,0
770,N,V,0.0007049,0.01291
771,N,V,0.0004801,0
772,N,V,0.0007909,0.01607
773,N,V,0.0006325,0
774,N,V,0.000872,0
775,N,U,0.0000627,0
776,N,V,0.0003948,0.00619
777,N,U,0.0000477,0
778,N,U,0.0000515,0
779,D,V,0.0008177,0
780,N,V,0.000394,0.00607
781,N,U,0.0001309,0
782,N,V,0.0005199,0
783,N,U,0.0001346,0
784,N,V,0.0004785,0.00901
785,N,V,0.0005662,0
786,N,V,0.0002963,0
787,N,U,0.0001729,0
788,N,V,0.00041,0
789,N,V,0.0005332,0
790,D,V,0.0007286,0
791,N,U,0.0000248,0
792,D,V,0.0007923,0
793,D,V,0.0002272,0.00276
794,N,V,0.000879,0
795,D,V,0.0009599,0.01874
796,N,V,0.0008155,0
797,N,V,0.0008056,0
798,N,V,0.0006381,0
799,N,V,0.0008842,0.0163
800,N,V,0.0009369,0.01773
801,N,V,0.0009043,0
802,N,U,0.000137,0
803,N,V,0.0006573,0.01357
804,N,V,0.0003332,0.00493
805,N,V,0.0005665,0
806,N,V,0.000697,0
807,N,V,0.000355,0
808,N,U,0.0001216,0
809,N,U,0.0000959,0
810,N,V,0.0008768,0.01795
811,N,V,0.0005881,0
812,D,V,0.0006072,0.01096
813,N,V,0.0006592,0.0123
814,D,V,0.0008175,0.016
815,N,U,0.0001421,0
816,N,V,0.0002056,0.00274
817,N,V,0.0004357,0.00779
818,N,V,0.0004461,0
819,N,V,0.000471,0
820,N,V,0.0003586,0
821,N,V,0.0001979,0.00246
822,N,V,0.0007081,0
823,N,V,0.000691,0
824,N,V,0.0007318,0.01519
825,N,V,0.0008776,0
826,N,U,0.0000819,0
827,N,U,0.0000916,0
828,N,U,0.0000201,0
829,D,V,0.0002815,0
830,N,V,0.0003196,0.00493
831,N,V,0.0007453,0.01415
832,N,V,0.000278,0.00413
833,D,V,0.0008061,0
834,D,V,0.0003573,0
835,N,V,0.0005135,0
836,N,V,0.0003994,0.00681
837,N,V,0.0005019,0.00887
838,N,U,0.0000108,0
839,N,V,0.0009226,0.01839
840,D,V,0.0009495,0.02039
841,N,V,0.0008394,0.01593
842,N,V,0.0002795,0
843,N,V,0.0002827,0
844,N,V,0.0002768,0
845,N,V,0.0009137,0
846,N,V,0.0003709,0.00614
847,N,V,0.0009808,0.02028
848,N,V,0.0008313,0
849,N,V,0.0009518,0
850,N,V,0.0006552,0.01225
851,N,V,0.0009751,0.01946
852,N,V,0.0006315,0
853,N,V,0.0006736,0.01291
854,N,V,0.0007753,0
855,N,V,0.0007644,0
856,N,U,0.0000631,0
857,N,U,0.0000118,0
858,N,V,0.0007715,0
859,D,V,0.0006234,0.01167
860,N,U,0.0001578,0
861,N,V,0.0006379,0
862,N,V,0.0009476,0.01775
863,N,V,0.0006104,0.01041
864,N,V,0.0009645,0.01952
865,N,V,0.000993,0
866,N,U,0.0000906,0
867,N,U,0.0000089,0
868,N,V,0.0007135,0
869,N,U,0.0000491,0
870,N,V,0.0004501,0
871,D,V,0.000947,0
872,N,V,0.0003855,0
873,N,U,0.0000469,0
874,D,V,0.0002866,0.00392
875,N,V,0.0007977,0.01579
876,N,V,0.0009067,0
877,N,V,0.0009973,0
878,N,V,0.0009277,0
879,D,V,0.0008895,0.01605
880,N,U,0.0001309,0
881,N,V,0.0006982,0.01434
882,N,V,0.0004252,0.0075
883,N,V,0.0002108,0
884,N,V,0.0009288,0.0171
885,N,V,0.0003269,0.0054
886,D,V,0.0009882,0.01918
887,D,V,0.0007691,0.01452
888,N,U,0.0001223,0
889,N,V,0.0006583,0.01263
890,N,V,0.0005085,0
891,N,V,0.0008317,0
892,D,V,0.000795,0
893,N,V,0.0004906,0.00952
894,D,V,0.0006122,0
895,N,V,0.0006406,0.0112
896,D,V,0.0009783,0
897,N,V,0.0005506,0
898,N,V,0.0008535,0.01772
899,N,V,0.0004345,0
900,N,V,0.0007016,0
901,N,V,0.0004238,0.00689
902,N,V,0.0003662,0
903,N,V,0.0009124,0
904,N,U,0.0001763,0
905,N,V,0.0002503,0
906,N,V,0.0008606,0
907,N,V,0.0006969,0.01283
908,N,V,0.0008112,0.01619
909,N,U,0.0001013,0
910,N,V,0.0002056,0.00266
911,N,V,0.0009055,0.01808
912,N,U,0.000163,0
913,N,V,0.0008752,0.0161
914,D,V,0.0007791,0
915,N,V,0.0004492,0.00766
916,N,U,0.0001303,0
917,N,V,0.0003268,0
918,N,V,0.0002929,0.00414
919,D,V,0.0008286,0.01488
920,N,V,0.0005591,0.00945
921,N,U,0.0001001,0
922,N,V,0.0004855,0
923,N,V,0.0005917,0.01052
924,D,V,0.0002713,0
925,N,V,0.0002368,0
926,N,V,0.0008218,0
927,N,V,0.0008652,0
928,N,V,0.0005954,0.01188
929,D,V,0.0009353,0
930,N,V,0.0007118,0.01483
931,N,V,0.0004929,0.00894
932,N,V,0.0003068,0.00434
933,N,U,0.00003,0
934,N,U,0.0000661,0
935,D,V,0.0004361,0
936,N,V,0.000976,0
937,N,V,0.0004108,0
938,N,V,0.0007395,0
939,N,V,0.0008844,0
940,N,V,0.00067,0.01265
941,N,V,0.0004286,0.00683
942,N,V,0.0002972,0
943,N,U,0.0001038,0
944,N,V,0.0003518,0
945,N,V,0.0007481,0.0143
946,N,V,0.0005537,0.01019
947,N,U,0.0000813,0
948,N,V,0.0008675,0.01758
949,N,V,0.0007418,0
950,D,V,0.0004523,0.00857
951,N,V,0.000771,0.01617
952,N,V,0.0008636,0.01791
953,D,V,0.0005573,0.01052
954,D,V,0.0008186,0.01624
955,N,V,0.0009253,0.01985
956,D,V,0.0004707,0.00754
957,N,V,0.0005643,0
958,N,V,0.0006129,0
959,D,V,0.0002872,0.0044
960,N,V,0.0006491,0.01173
961,N,U,0.0001562,0
962,N,V,0.0008034,0.01432
963,N,V,0.0007143,0.01481
964,D,V,0.0004021,0.00709
965,N,U,0.0000709,0
966,D,V,0.0008828,0
967,N,V,0.0001905,0.00221
968,D,V,0.0002993,0
969,N,U,0.0000547,0
970,N,U,0.0000893,0
971,N,V,0.0002884,0.00434
972,N,U,0.0000898,0
973,N,V,0.0007327,0
974,D,V,0.0003059,0.0044
975,D,V,0.0007389,0
976,N,U,0.0001457,0
977,N,V,0.0003843,0
978,N,U,0.0000427,0
979,N,V,0.0007896,0.01438
980,D,V,0.0003204,0
981,D,V,0.0007737,0.01363
982,N,U,0.0000683,0
983,N,V,0.0008662,0.01713
984,N,V,0.0003257,0
985,N,V,0.0008153,0
986,N,U,0.0000698,0
987,N,V,0.0003824,0
988,D,V,0.0007492,0
989,N,V,0.0009214,0.01724
990,N,V,0.000584,0
991,N,U,0.0000741,0
992,N,V,0.0008419,0
993,N,U,0.0001777,0
994,N,U,0.0001381,0
995,D,V,0.0003234,0.00493
996,N,V,0.0007194,0
997,N,V,0.0004075,0
998,N,V,0.0005273,0.00933
999,D,V,0.00057,0
1000,N,U,0.000142,0
1001,N,U,0.0000961,0
1002,N,V,0.0003129,0
1003,N,V,0.0006517,0
1004,N,V,0.0001971,0
1005,N,U,0.0000063,0
1006,N,U,0.0000918,0
1007,N,V,0.0009532,0
1008,N,U,0.0001722,0
1009,N,V,0.0003814,0.00581
1010,N,V,0.0009383,0.01828
1011,N,V,0.0007428,0
1012,N,V,0.0003088,0.00445
1013,N,V,0.000495,0
1014,N,V,0.000195,0
1015,D,V,0.0003833,0.0061
1016,N,V,0.0004319,0.00776
1017,N,U,0.0000533,0
1018,N,V,0.0001821,0
1019,N,V,0.0006577,0.01206
1020,N,V,0.0002958,0
1021,N,U,0.000044,0
1022,N,V,0.0008977,0
1023,N,V,0.0007778,0
1024,N,V,0.0006126,0
1025,N,V,0.000563,0
1026,N,V,0.0004775,0
1027,N,V,0.0002225,0
1028,N,V,0.0009053,0
1029,N,V,0.0006785,0.013
1030,N,V,0.0007986,0.01652
1031,N,V,0.0002503,0
1032,N,V,0.0008777,0.01743
1033,N,U,0.000007,0
1034,N,V,0.0002586,0.00387
1035,N,V,0.0003741,0.00664
1036,N,V,0.0003705,0.00624
1037,N,V,0.0003064,0
1038,N,V,0.0003379,0.00522
1039,N,V,0.0003282,0.00552
1040,D,V,0.0007568,0
1041,N,V,0.0009916,0
1042,N,V,0.0006669,0.01366
1043,N,V,0.0004885,0.00847
1044,N,V,0.0002716,0
1045,N,V,0.0009166,0.01837
1046,N,V,0.0004836,0
1047,N,U,0.0001151,0
1048,N,V,0.0003906,0.00725
1049,N,V,0.0003769,0.0069
1050,N,V,0.0009213,0.01776
1051,N,V,0.0007412,0
1052,N,U,0.0000799,0
1053,N,V,0.0003155,0
1054,D,V,0.000971,0
1055,N,V,0.0002118,0.00272
1056,N,V,0.0007908,0.01499
1057,N,V,0.0007312,0.0127
1058,N,V,0.0004327,0.00774
1059,N,V,0.0003892,0.00659
1060,D,V,0.0002907,0.00408
1061,N,V,0.0002499,0.00371
1062,N,V,0.0008623,0
1063,N,V,0.0009777,0.01958
1064,N,U,0.0000675,0
1065,N,V,0.0004871,0
1066,N,U,0.0000235,0
1067,N,U,0.000053,0
1068,N,V,0.0004251,0
1069,N,U,0.0001383,0
1070,N,V,0.0009461,0
1071,N,U,0.0001373,0
1072,N,V,0.0003992,0.0063
1073,N,V,0.0009443,0
1074,N,V,0.0008708,0
1075,N,U,0.0000941,0
1076,D,V,0.0002377,0
1077,N,V,0.0006618,0
1078,N,U,0.0000532,0
1079,N,V,0.0009228,0.01909
1080,N,U,0.000049,0
1081,D,V,0.0008267,0
1082,N,V,0.0005168,0
1083,N,V,0.0006717,0.01207
1084,N,V,0.0007851,0.01489
1085,N,U,0.0001582,0
1086,N,U,0.0001604,0
1087,N,U,0.0001725,0
1088,N,V,0.0004456,0.00789
1089,N,U,0.0000721,0
1090,N,V,0.0008133,0.01528
1091,N,V,0.0005075,0.00949
1092,N,U,0.000014,0
1093,N,V,0.0006258,0
1094,N,V,0.0009735,0.02038
1095,N,V,0.0005871,0.01076
1096,N,U,0.0001368,0
1097,N,V,0.0008756,0.01871
1098,D,V,0.0008375,0
1099,N,V,0.0007347,0
1100,N,V,0.0006041,0.01197
1101,N,V,0.0008502,0
1102,D,V,0.0006806,0.014
1103,N,V,0.0004141,0
1104,N,V,0.0007783,0
1105,N,U,0.0000369,0
1106,N,V,0.0008102,0.01618
1107,N,V,0.0004217,0.00753
1108,N,V,0.0009641,0.0202
1109,N,V,0.0007032,0
1110,N,V,0.0002652,0.00403
1111,N,V,0.0004493,0.00779
1112,N,V,0.0003857,0.00651
1113,N,V,0.0004459,0
1114,N,U,0.0000429,0
1115,N,V,0.0006537,0
1116,N,V,0.0009892,0
1117,N,V,0.0005693,0.00967
1118,N,U,0.000012,0
1119,N,U,0.0000224,0
1120,N,V,0.000209,0
1121,N,U,0.000098,0
1122,N,V,0.0007418,0
1123,N,V,0.0005284,0.00973
1124,D,V,0.0005952,0
1125,N,V,0.0002007,0.0026
1126,N,V,0.0003704,0.00569
1127,N,V,0.0009682,0
1128,D,V,0.0007175,0.01375
1129,N,V,0.0003285,0.00524
1130,D,V,0.0003423,0.00514
1131,D,V,0.0005525,0.01033
1132,N,U,0.0001562,0
1133,N,V,0.0002172,0.00291
1134,N,V,0.0007367,0.01362
1135,N,V,0.0008544,0
1136,D,V,0.000736,0
1137,N,V,0.0003442,0.00563
1138,N,V,0.0003107,0
1139,N,V,0.0008143,0
1140,N,V,0.000476,0
1141,N,V,0.0009385,0.019
1142,N,V,0.0009172,0.01957
1143,N,V,0.0003944,0.00724
1144,N,V,0.000219,0
1145,N,V,0.0009361,0
1146,N,U,0.0000806,0
1147,N,U,0.0000456,0
1148,N,V,0.0007286,0.01491
1149,N,V,0.0006878,0
1150,N,V,0.0006379,0
1151,N,V,0.0009866,0
1152,N,U,0.0000209,0
1153,N,V,0.0003557,0
1154,N,U,0.0001485,0
1155,N,V,0.000428,0
1156,N,U,0.0001448,0
1157,N,U,0.0001439,0
1158,N,V,0.0002287,0
1159,D,V,0.0007767,0
1160,N,V,0.0008651,0
1161,N,V,0.0005565,0.00926
1162,N,V,0.0003668,0
1163,N,V,0.0001946,0
1164,N,V,0.0006172,0
1165,N,U,0.0000453,0
1166,N,V,0.0006114,0
1167,N,V,0.0005438,0
1168,N,V,0.000689,0.01302
1169,N,V,0.0003404,0.00589
1170,N,V,0.0009518,0
1171,N,V,0.0005328,0
1172,N,U,0.0000358,0
1173,N,V,0.0008829,0
1174,N,V,0.0004747,0
1175,D,V,0.0003481,0
1176,N,U,0.0000914,0
1177,N,V,0.0008906,0.01613
1178,N,V,0.0007053,0.01366
1179,N,U,0.0000769,0
1180,N,V,0.0007172,0.01511
1181,N,V,0.0004488,0
1182,N,V,0.0004199,0.00768
1183,N,V,0.0008503,0.01569
1184,N,V,0.000582,0
1185,N,V,0.0008015,0
1186,N,V,0.0004304,0.00772
1187,N,V,0.0006955,0
1188,N,U,0.0000695,0
1189,N,V,0.0006328,0
1190,N,V,0.0003029,0.0042
1191,N,U,0.0001137,0
1192,N,V,0.0002978,0.00431
1193,N,V,0.0009311,0
1194,N,V,0.0007358,0
1195,N,V,0.0003959,0
1196,N,U,0.00011,0
1197,N,V,0.0005682,0.00972
1198,N,V,0.0009257,0.01821
1199,N,V,0.0008807,0
1200,N,U,0.0001153,0
1201,N,V,0.0006442,0.01327
1202,N,V,0.0001992,0
1203,N,U,0.0001596,0
1204,N,V,0.0009799,0.02036
1205,N,V,0.0007291,0.01325
1206,N,V,0.0004124,0
1207,N,V,0.0006677,0.01329
1208,N,V,0.0007436,0
1209,D,V,0.0009779,0.02035
1210,N,V,0.0009784,0
1211,N,V,0.0005844,0.01131
1212,D,V,0.0002623,0.00385
1213,N,V,0.0007209,0.0143
1214,N,V,0.000754,0
1215,N,U,0.0001358,0
1216,N,V,0.0008775,0.01715
1217,N,U,0.0000126,0
1218,D,V,0.0002005,0
1219,N,V,0.0003907,0
1220,N,V,0.0008702,0
1221,N,V,0.0008165,0.0148
1222,N,U,0.0000329,0
1223,N,V,0.0007896,0.01402
1224,N,V,0.0007465,0.01399
1225,N,V,0.0005452,0
1226,D,V,0.0004983,0.00833
1227,N,V,0.0009639,0.02037
1228,N,V,0.0003195,0.00519
1229,N,V,0.0004839,0.00864
1230,N,V,0.0002752,0.00367
1231,N,U,0.0000704,0
1232,N,V,0.0005499,0.01075
1233,N,V,0.0003482,0
1234,N,V,0.0004176,0.00672
1235,N,V,0.0005822,0
1236,N,V,0.0001969,0.00218
1237,N,U,0.0000114,0
1238,N,V,0.0002581,0
1239,N,V,0.00065,0.01175
1240,N,V,0.0005646,0
1241,D,V,0.0006817,0
1242,D,V,0.0009067,0
1243,N,V,0.0005289,0
1244,N,V,0.0007611,0
1245,N,U,0.0000204,0
1246,N,V,0.0002141,0
1247,N,V,0.0003295,0
1248,N,V,0.0004815,0.00858
1249,N,V,0.0005807,0.0097
1250,N,U,0.0000864,0
1251,N,V,0.000494,0
1252,N,V,0.0004645,0.00837
1253,N,V,0.0006441,0
1254,N,U,0.00001,0
1255,N,V,0.0009056,0
1256,D,V,0.0008439,0.01671
1257,N,V,0.0004515,0
1258,N,V,0.000489,0
1259,N,V,0.0009418,0.01854
1260,N,U,0.0000375,0
1261,D,V,0.0005988,0.01187
1262,N,V,0.000232,0
1263,D,V,0.000742,0.01569
1264,N,V,0.0007162,0.01507
1265,N,V,0.0007489,0
1266,N,V,0.0008542,0
1267,N,V,0.0003838,0.00667
1268,N,V,0.0002621,0.00364
1269,D,V,0.0007447,0
1270,N,U,0.0000473,0
1271,N,V,0.0005693,0
1272,N,V,0.0005175,0
1273,N,V,0.0001872,0.00203
1274,D,V,0.000879,0.01685
1275,N,V,0.0009049,0.01661
1276,N,V,0.0007642,0.01531
1277,N,V,0.0005643,0.01034
1278,N,V,0.0004993,0.00845
1279,N,V,0.0003337,0.00515
1280,D,V,0.0007077,0.01317
1281,N,V,0.0002005,0
1282,N,V,0.0004071,0.00673
1283,N,V,0.0002398,0.0034
1284,N,U,0.0001612,0
1285,N,V,0.0004707,0.00875
1286,N,V,0.0007032,0
1287,N,V,0.0005271,0
1288,N,V,0.0008915,0
1289,N,V,0.000682,0.01364
1290,N,V,0.0009229,0
1291,N,U,0.0001591,0
1292,N,V,0.0006405,0.01198
1293,N,U,0.000081,0
1294,N,V,0.0007854,0
1295,N,U,0.0000216,0
1296,N,U,0.000006,0
1297,N,V,0.0003824,0.0059
1298,N,V,0.0006283,0
1299,N,V,0.0006655,0.01308
1300,N,V,0.0007522,0.0132
1301,N,V,0.0008294,0.01657
1302,N,V,0.0006681,0.01293
1303,D,V,0.0009655,0
1304,N,V,0.0004038,0.00688
1305,N,V,0.0005166,0
1306,N,V,0.0006683,0
1307,N,U,0.0001484,0
1308,D,V,0.0004652,0
1309,N,U,0.000108,0
1310,N,V,0.000984,0.01977
1311,N,V,0.0002221,0
1312,D,V,0.000723,0
1313,N,U,0.000153,0
1314,N,V,0.0006866,0
1315,N,V,0.0008544,0
1316,N,U,0.0000346,0
1317,N,V,0.0003387,0.0057
1318,N,V,0.0003464,0
1319,N,V,0.0009102,0
1320,N,V,0.0006268,0
1321,N,V,0.0005518,0
1322,N,V,0.0007343,0.01493
1323,N,U,0.0000391,0
1324,N,V,0.0007435,0.01394
1325,N,V,0.0003795,0
1326,N,V,0.0006824,0.01234
1327,N,V,0.0002362,0.00313
1328,N,V,0.0002753,0.00404
1329,N,V,0.0004493,0.00777
1330,N,V,0.0007808,0.01585
1331,N,V,0.0002457,0.00367
1332,N,V,0.0005594,0.01068
1333,N,U,0.0001419,0
1334,N,V,0.0007355,0.01307
1335,N,V,0.0003883,0
1336,N,V,0.0001947,0.00209
1337,N,V,0.0009548,0
1338,N,V,0.0009065,0
1339,D,V,0.000797,0
1340,N,V,0.0005728,0
1341,N,U,0.0000032,0
1342,N,V,0.000423,0
1343,N,V,0.0008194,0
1344,N,V,0.0004818,0.00899
1345,N,V,0.000529,0
1346,N,U,0.000075,0
1347,N,V,0.0007685,0
1348,N,V,0.0002267,0
1349,N,V,0.0004574,0.00802
1350,N,U,0.0000115,0
1351,N,V,0.0008174,0.01662
1352,N,V,0.0007039,0
1353,N,V,0.0007739,0
1354,N,U,0.000009,0
1355,N,V,0.0006434,0
1356,N,U,0.0000098,0
1357,N,V,0.0005274,0.01032
1358,N,V,0.0006961,0.0129
1359,N,U,0.0000334,0
1360,N,V,0.0006804,0.01419
1361,N,V,0.0008998,0.01893
1362,N,V,0.0009622,0.01756
1363,N,V,0.0006542,0
1364,N,V,0.0009773,0
1365,N,U,0.0001653,0
1366,N,V,0.0005162,0.00885
1367,N,V,0.0009646,0.0185
1368,N,V,0.0008194,0
1369,D,V,0.000232,0.00318
1370,N,V,0.0008926,0.01881
1371,D,V,0.0007227,0
1372,N,U,0.0000599,0
1373,N,U,0.0000088,0
1374,N,V,0.0004643,0
1375,N,U,0.0001467,0
1376,D,V,0.0009059,0
1377,N,V,0.0007044,0.01434
1378,N,V,0.0006893,0.01288
1379,N,V,0.0004913,0.00826
1380,N,V,0.0003256,0
1381,N,V,0.0006275,0
1382,D,V,0.0009403,0
1383,N,V,0.0004684,0
1384,N,U,0.0000701,0
1385,N,V,0.0004771,0.00786
1386,N,U,0.0000922,0
1387,N,V,0.0002789,0.00427
1388,N,V,0.0004333,0
1389,D,V,0.0003698,0.00654
1390,D,V,0.0003652,0
1391,N,U,0.0000301,0
1392,N,V,0.0005527,0.01113
1393,N,V,0.0007546,0
1394,N,V,0.0003424,0
1395,N,V,0.0003162,0.0049
1396,N,U,0.0001031,0
1397,N,U,0.0001591,0
1398,N,U,0.0001073,0
1399,N,V,0.0007502,0
1400,N,V,0.0005614,0
1401,N,U,0.0001726,0
1402,N,V,0.000233,0
1403,N,V,0.0004131,0
1404,N,V,0.000996,0.01965
1405,D,V,0.0008919,0.01688
1406,N,V,0.0008129,0.01678
1407,N,V,0.0009689,0.01967
1408,N,U,0.0001248,0
1409,N,V,0.0005346,0
1410,N,V,0.000267,0
1411,D,V,0.0006699,0
1412,N,V,0.0005169,0
1413,N,V,0.0005266,0.0095
1414,D,V,0.0004328,0.00715
1415,N,V,0.0009935,0
1416,D,V,0.0003211,0
1417,N,V,0.0003467,0
1418,N,V,0.0003985,0
1419,N,V,0.0008659,0.01823
1420,N,U,0.0000039,0
1421,N,U,0.0001158,0
1422,N,V,0.0004481,0
1423,N,V,0.0001955,0.0023
1424,N,V,0.000371,0.00597
1425,N,V,0.0008901,0.01621
1426,D,V,0.0009041,0.01704
1427,N,V,0.0009748,0.01852
1428,N,V,0.0008514,0
1429,N,V,0.0005118,0.00974
1430,N,V,0.0004362,0
1431,N,V,0.0006682,0
1432,N,V,0.0008466,0.01496
1433,D,V,0.0001844,0.00226
1434,N,V,0.0009374,0
1435,N,V,0.0008602,0.01536
1436,N,V,0.0006354,0.01292
1437,D,V,0.0005786,0.01009
1438,N,V,0.0005118,0.01002
1439,N,U,0.0000063,0
1440,N,V,0.0004681,0.00881
1441,N,V,0.0002605,0
1442,N,V,0.000557,0
1443,D,V,0.0005668,0
1444,N,V,0.0005963,0
1445,N,V,0.0009912,0
1446,N,V,0.0006923,0.01388
1447,N,V,0.0007575,0.01479
1448,N,V,0.0008591,0
1449,N,V,0.0006982,0
1450,N,V,0.0003421,0
1451,N,U,0.0001529,0
1452,N,V,0.0006839,0.01305
1453,N,U,0.0000484,0
1454,N,V,0.000691,0
1455,N,U,0.0000177,0
1456,N,V,0.0006918,0
1457,D,V,0.0007749,0
1458,N,V,0.0001959,0.00217
1459,N,V,0.0005283,0.00888
1460,N,V,0.0007255,0
1461,N,V,0.0008132,0
1462,N,V,0.0004953,0.00842
1463,N,U,0.0000937,0
1464,N,V,0.0003097,0.00436
1465,N,U,0.0001426,0
1466,N,V,0.0006998,0
1467,N,V,0.0003223,0.00535
1468,N,V,0.000263,0.00376
1469,D,V,0.000277,0
1470,D,V,0.0008189,0.01541
1471,N,U,0.0001369,0
1472,D,V,0.0003901,0.007
1473,N,V,0.0007865,0
1474,N,V,0.0008179,0
1475,D,V,0.0009758,0.02015
1476,N,V,0.0009317,0
1477,D,V,0.0005508,0
1478,N,V,0.000262,0.00402
1479,N,U,0.0000824,0
1480,D,V,0.0006402,0
1481,N,V,0.0003741,0.00608
1482,N,V,0.0007805,0
1483,N,V,0.0004559,0.00825
1484,N,V,0.0006942,0
1485,N,U,0.0000087,0
1486,N,V,0.0003001,0.00446
1487,D,V,0.0007815,0
1488,N,U,0.0000875,0
1489,D,V,0.0009723,0
1490,N,V,0.0009904,0
1491,D,V,0.0006905,0
1492,N,V,0.0008298,0.01723
1493,N,U,0.0001342,0
1494,N,V,0.0008144,0.01463
1495,N,V,0.0005202,0.00912
1496,D,V,0.0006165,0
1497,N,V,0.0008412,0
1498,N,U,0.0001308,0
1499,N,V,0.0005254,0.00891
1500,N,V,0.0003891,0.00717
1501,N,V,0.000214,0
1502,N,V,0.0008676,0
1503,N,V,0.0004575,0.0087
1504,N,V,0.0004486,0
1505,N,V,0.0002516,0
1506,N,V,0.0005217,0
1507,D,V,0.0009564,0
1508,N,V,0.0009501,0
1509,N,V,0.0004761,0
1510,D,V,0.0008902,0.01923
1511,N,V,0.0008935,0.01631
1512,N,V,0.0008895,0
1513,N,U,0.0000392,0
1514,N,U,0.0000253,0
1515,N,V,0.0009724,0
1516,N,V,0.0008876,0
1517,N,V,0.0002852,0
1518,N,V,0.0009536,0.01855
1519,N,V,0.0006781,0.01256
1520,D,V,0.0004615,0
1521,N,V,0.0005252,0.00962
1522,N,U,0.0000501,0
1523,N,V,0.0006751,0
1524,N,V,0.0006371,0
1525,N,V,0.0009355,0.01816
1526,N,V,0.0005079,0
1527,N,V,0.0004272,0
1528,N,V,0.0003617,0.00644
1529,N,V,0.0009277,0
1530,N,V,0.0008587,0
1531,N,V,0.000521,0
1532,N,V,0.0004071,0
1533,N,V,0.0007808,0
1534,N,V,0.0003483,0.00534
1535,N,V,0.0005321,0
1536,N,U,0.0000111,0
1537,N,V,0.000285,0.00392
1538,N,V,0.000281,0
1539,N,V,0.000672,0.01314
1540,N,V,0.0009538,0
1541,N,V,0.0005638,0
1542,D,V,0.0002396,0.00344
1543,N,U,0.0000374,0
1544,N,V,0.0007475,0.01408
1545,D,V,0.0005433,0
1546,N,V,0.0009465,0
1547,N,V,0.0005275,0
1548,N,U,0.0000669,0
1549,N,V,0.0005599,0.01003
1550,N,V,0.0008215,0.01705
1551,N,V,0.000351,0.00548
1552,N,U,0.0000466,0
1553,N,U,0.0000316,0
1554,N,V,0.0006596,0.012
1555,N,V,0.0007913,0
1556,N,V,0.0002226,0.00292
1557,N,V,0.0009609,0.0208
1558,N,V,0.0006865,0.01372
1559,N,V,0.0007034,0
1560,N,V,0.0008637,0.01804
1561,N,V,0.0005159,0
1562,N,U,0.0001447,0
1563,N,U,0.0001765,0
1564,N,V,0.0007856,0
1565,N,U,0.0001411,0
1566,N,V,0.0003249,0.00524
1567,N,V,0.0002594,0.00382
1568,N,U,0.0001486,0
1569,N,V,0.0002762,0
1570,N,V,0.0006496,0.0124
1571,N,V,0.0001977,0
1572,N,V,0.00058,0
1573,N,V,0.0004932,0.00808
1574,N,U,0.0000439,0
1575,D,V,0.0002922,0
1576,N,U,0.0001015,0
1577,N,V,0.0004188,0.00656
1578,N,V,0.000407,0.00695
1579,N,V,0.0008324,0
1580,D,V,0.0002566,0
1581,N,V,0.000603,0
1582,N,V,0.0005169,0.00941
1583,D,V,0.0002244,0
1584,N,V,0.0004201,0.00783
1585,N,V,0.00064,0
1586,N,U,0.0000952,0
1587,N,V,0.0007533,0
1588,N,V,0.0008914,0.01675
1589,N,V,0.0006673,0
1590,N,V,0.0003353,0
1591,N,V,0.0003831,0.00641
1592,D,V,0.0005524,0
1593,N,V,0.0005479,0.01051
1594,N,V,0.0005606,0.01045
1595,N,U,0.0001568,0
1596,N,V,0.0008842,0
1597,N,V,0.0005245,0.00993
1598,N,U,0.0001542,0
1599,N,V,0.0004082,0
1600,N,U,0.000131,0
1601,N,V,0.0009942,0
1602,D,V,0.0003507,0
1603,N,V,0.0004379,0
1604,N,V,0.0007522,0.01523
1605,N,U,0.0001519,0
1606,N,V,0.0006998,0
1607,N,V,0.0008352,0.01533
1608,N,V,0.0007386,0
1609,N,V,0.0005811,0
1610,N,V,0.0003745,0
1611,N,V,0.0005327,0.01052
1612,N,V,0.0008994,0
1613,N,U,0.0001257,0
1614,D,V,0.0008147,0.01689
1615,D,V,0.0007098,0
1616,N,V,0.0008643,0.01825
1617,D,V,0.0009002,0.01941
1618,N,V,0.0007783,0.01646
1619,N,V,0.0007344,0.01427
1620,N,V,0.0006045,0
1621,D,V,0.0001869,0
1622,N,V,0.0009875,0.0189
1623,N,U,0.0001083,0
1624,N,V,0.0005746,0
1625,N,V,0.0008337,0
1626,N,V,0.0009684,0
1627,N,V,0.000192,0
1628,N,V,0.0009934,0
1629,D,V,0.0009979,0.02099
1630,N,V,0.0006102,0.01114
1631,N,U,0.0000176,0
1632,N,V,0.0005876,0
1633,N,V,0.0004611,0
1634,N,V,0.0007981,0.01599
1635,D,V,0.0009239,0
1636,N,V,0.0007794,0
1637,N,U,0.0001663,0
1638,N,V,0.0009774,0
1639,D,V,0.0006397,0
1640,D,V,0.0009929,0
1641,N,U,0.0000276,0
1642,N,V,0.0003882,0
1643,N,V,0.0003708,0.00595
1644,N,V,0.0003536,0.00613
1645,N,V,0.0006491,0.0117
1646,N,V,0.0006876,0
1647,N,V,0.0009196,0
1648,N,U,0.0001262,0
1649,N,U,0.0000982,0
1650,N,V,0.0002868,0
1651,N,V,0.0005339,0.00956
1652,N,V,0.0004003,0
1653,N,V,0.000466,0
1654,N,U,0.0001296,0
1655,D,V,0.0007264,0
1656,D,V,0.0009311,0
1657,N,U,0.0001765,0
1658,N,V,0.0002155,0
1659,N,V,0.0008046,0.0165
1660,N,V,0.0008509,0
1661,N,V,0.0009654,0
1662,N,V,0.0006405,0.0109
1663,N,V,0.0004861,0
1664,D,V,0.0009687,0.01963
1665,N,V,0.0007825,0.01421
1666,N,V,0.0004934,0
1667,N,V,0.0002734,0.00417
1668,D,V,0.0003939,0.00634
1669,N,V,0.0003248,0
1670,N,V,0.0006895,0.01358
1671,D,V,0.0004599,0
1672,N,V,0.0009886,0
1673,N,U,0.0000865,0
1674,N,V,0.0004254,0.00697
1675,D,V,0.0004012,0.00745
1676,N,V,0.0007653,0.01428
1677,N,U,0.0000982,0
1678,N,V,0.0007196,0
1679,N,V,0.0005082,0
1680,N,V,0.0004328,0.00817
1681,N,V,0.0006848,0.01345
1682,N,V,0.0003913,0.00636
1683,N,U,0.0000686,0
1684,D,V,0.0006049,0.01166
1685,D,V,0.0005143,0
1686,N,U,0.0001287,0
1687,N,V,0.0008253,0.01575
1688,N,V,0.0004118,0.00646
1689,N,V,0.0006643,0
1690,N,V,0.0009005,0.01724
1691,N,U,0.0001334,0
1692,N,V,0.0004331,0.00752
1693,N,V,0.0008461,0.01752
1694,D,V,0.0002218,0.00296
1695,N,V,0.0009912,0
1696,D,V,0.0009024,0
1697,N,V,0.0002188,0
1698,N,V,0.0009609,0
1699,N,V,0.0007142,0
1700,N,V,0.0007152,0
1701,N,V,0.0007737,0
1702,N,U,0.0000829,0
1703,N,V,0.0008125,0
1704,N,U,0.0001623,0
1705,N,V,0.0009726,0
1706,D,V,0.0004301,0
1707,N,V,0.0002412,0
1708,N,V,0.0004189,0.00788
1709,N,V,0.0002064,0
1710,N,V,0.0007871,0.01461
1711,N,V,0.0004959,0
1712,N,U,0.0001688,0
1713,N,V,0.00026,0
1714,D,V,0.0003749,0.00664
1715,N,U,0.0001709,0
1716,N,V,0.0006126,0
1717,D,V,0.0007506,0
1718,N,V,0.0006275,0.01086
1719,N,V,0.0007077,0.01356
1720,N,V,0.0009518,0
1721,N,V,0.0007145,0
1722,N,V,0.0008004,0
1723,N,U,0.0000912,0
1724,D,V,0.0002785,0.00376
1725,N,V,0.0007652,0
1726,N,V,0.0007059,0.01472
1727,N,V,0.0009244,0
1728,N,V,0.0002469,0
1729,D,V,0.0009047,0
1730,N,V,0.0009325,0.01964
1731,D,V,0.0009177,0
1732,N,V,0.0005441,0
1733,N,V,0.0009816,0.02097
1734,N,V,0.0006206,0.01065
1735,N,V,0.0009619,0
1736,N,V,0.0009626,0.01935
1737,N,U,0.0000517,0
1738,N,V,0.0007847,0
1739,N,U,0.0001309,0
1740,N,V,0.0004815,0
1741,N,V,0.0006012,0.01144
1742,N,V,0.0002553,0
1743,N,V,0.0008467,0.0181
1744,N,V,0.0004107,0
1745,N,V,0.0006476,0.0122
1746,N,V,0.0008413,0.01556
1747,D,V,0.0004546,0
1748,N,V,0.0005361,0.00891
1749,N,V,0.000575,0.01105
1750,N,V,0.0007699,0
1751,N,V,0.0004266,0
1752,N,V,0.0003097,0
1753,D,V,0.000469,0.0079
1754,N,V,0.0006502,0.01218
1755,N,V,0.0009909,0.0196
1756,N,U,0.0000047,0
1757,N,V,0.0004291,0
1758,N,V,0.0004105,0.00737
1759,N,U,0.0000757,0
1760,D,V,0.0005759,0.00979
1761,N,U,0.0000785,0
1762,N,U,0.0000693,0
1763,N,U,0.0000126,0
1764,N,V,0.0005108,0
1765,N,V,0.0003225,0.00529
1766,N,V,0.000199,0.00255
1767,N,V,0.000581,0
1768,N,V,0.0009405,0
1769,D,V,0.0006168,0.01134
1770,N,V,0.0006957,0
1771,D,V,0.0002359,0
1772,N,V,0.0003069,0.00435
1773,N,V,0.0007993,0.01679
1774,N,V,0.000945,0
1775,N,V,0.0002887,0
1776,N,V,0.0004253,0
1777,N,V,0.0005672,0
1778,N,V,0.0004843,0.00783
1779,N,V,0.0009088,0
1780,N,V,0.0005161,0.00903
1781,N,V,0.0007806,0.01545
1782,N,U,0.0001336,0
1783,N,V,0.0008632,0
1784,N,V,0.0009095,0.01783
1785,N,V,0.0006727,0.01407
1786,N,V,0.000918,0.01996
1787,N,U,0.0000741,0
1788,N,V,0.0007269,0
1789,N,U,0.0000875,0
1790,N,V,0.0002538,0.00367
1791,N,V,0.0008773,0.01849
1792,N,V,0.0007106,0.01303
1793,N,V,0.0009141,0.01953
1794,D,V,0.0009979,0
1795,N,V,0.0003355,0
1796,N,U,0.0000627,0
1797,N,V,0.0004249,0.00763
1798,N,U,0.0001609,0
1799,N,V,0.0006094,0.0119
1800,N,V,0.000653,0.013
1801,N,V,0.000568,0.00999
1802,N,V,0.0005092,0.00867
1803,N,V,0.0002262,0.00302
1804,N,V,0.0003373,0.00528
1805,D,V,0.0007677,0.01499
1806,N,V,0.0002214,0
1807,D,V,0.0002073,0.00238
1808,N,V,0.0005423,0.00973
1809,N,V,0.0006801,0
1810,N,U,0.0000565,0
1811,N,U,0.0001642,0
1812,N,V,0.0002807,0
1813,N,V,0.000298,0
1814,N,V,0.000401,0.00749
1815,N,V,0.0004023,0.00692
1816,N,V,0.000762,0
1817,N,V,0.0001918,0
1818,N,U,0.0001735,0
1819,N,V,0.0001928,0
1820,N,V,0.0008706,0.01676
1821,N,U,0.0000966,0
1822,D,V,0.0008695,0
1823,N,V,0.0001948,0
1824,N,U,0.000085,0
1825,N,V,0.0003078,0.00449
1826,N,U,0.0000344,0
1827,N,V,0.000296,0.00477
1828,N,V,0.0005586,0.01027
1829,N,V,0.0004701,0
1830,N,U,0.0001621,0
1831,N,V,0.0001906,0.00227
1832,N,U,0.0000574,0
1833,N,U,0.0000696,0
1834,N,V,0.0005989,0.01201
1835,D,V,0.0005064,0.00992
1836,N,V,0.0004076,0.00631
1837,N,V,0.0006488,0
1838,N,V,0.0007107,0.01401
1839,N,U,0.0001653,0
1840,N,V,0.0004784,0.00837
1841,N,U,0.0001431,0
1842,N,V,0.0009974,0.0205
1843,N,U,0.0000157,0
1844,D,V,0.0009097,0.01871
1845,N,V,0.0006309,0
1846,N,V,0.0008835,0.01667
1847,N,U,0.0000795,0
1848,N,V,0.0008342,0.01554
1849,N,U,0.0001069,0
1850,N,V,0.0004805,0
1851,N,V,0.0006266,0.01125
1852,D,V,0.0005909,0.01107
1853,D,V,0.0004419,0.00777
1854,N,V,0.0009401,0.01714
1855,N,U,0.000066,0
1856,N,V,0.0009286,0.01935
1857,N,V,0.0009243,0
1858,D,V,0.0007418,0
1859,N,U,0.000168,0
1860,N,V,0.000909,0
1861,N,V,0.0004777,0
1862,N,V,0.0005168,0.01024
1863,N,V,0.0006886,0.01404
1864,D,V,0.000516,0.00872
1865,N,V,0.0009715,0
1866,D,V,0.0002895,0.00393
1867,N,U,0.0000388,0
1868,N,V,0.0007062,0
1869,N,U,0.0000326,0
1870,N,V,0.0008913,0
1871,N,V,0.0003538,0.00566
1872,D,V,0.000539,0
1873,N,V,0.0003482,0
1874,N,V,0.0004775,0
1875,N,V,0.0002956,0.0045
1876,N,V,0.0009048,0.01701
1877,N,V,0.0007381,0
1878,D,V,0.0007792,0.01652
1879,N,V,0.0001873,0.00192
1880,N,V,0.0003064,0
1881,N,V,0.0006683,0.01251
1882,N,V,0.0003673,0.00623
1883,N,V,0.000586,0
1884,N,V,0.0008853,0
1885,N,V,0.0004923,0.00878
1886,N,V,0.0005468,0.01012
1887,N,V,0.0001862,0.00226
1888,N,U,0.0001699,0
1889,N,V,0.0004946,0
1890,N,V,0.0006366,0
1891,N,V,0.0007387,0
1892,N,V,0.0002053,0.00274
1893,N,U,0.0000173,0
1894,N,V,0.0007488,0.01484
1895,N,V,0.000784,0
1896,N,V,0.0005624,0.0099
1897,N,V,0.0004714,0
1898,D,V,0.0005275,0
1899,N,V,0.0005257,0
1900,N,U,0.000075,0
1901,N,U,0.0000342,0
1902,N,V,0.0004766,0.00897
1903,N,U,0.0000385,0
1904,D,V,0.0006976,0
1905,N,V,0.0008506,0
1906,N,V,0.0002887,0
1907,N,V,0.0009434,0
1908,N,U,0.0000111,0
1909,N,V,0.0002574,0
1910,N,V,0.0003813,0.00658
1911,N,V,0.0009877,0.02067
1912,D,V,0.0003736,0.00671
1913,N,V,0.0004139,0.0068
1914,N,V,0.0004139,0.0076
1915,N,V,0.0008242,0
1916,N,V,0.000358,0
1917,N,V,0.0007497,0
1918,N,U,0.0000071,0
1919,D,V,0.0009771,0.02085
1920,N,V,0.0002081,0.00263
1921,N,V,0.0003486,0
1922,N,U,0.0000603,0
1923,N,V,0.0007224,0.01494
1924,N,V,0.0004856,0
1925,N,V,0.0004271,0
1926,N,V,0.0003267,0
1927,N,U,0.0000799,0
1928,N,V,0.00051,0
1929,N,V,0.0005225,0
1930,N,V,0.0005408,0.00915
1931,N,V,0.0002702,0.00388
1932,N,V,0.0004203,0
1933,N,V,0.0009105,0
1934,N,V,0.0006668,0.01207
1935,N,V,0.0005486,0
1936,D,V,0.0005551,0
1937,N,V,0.0006313,0.01137
1938,N,V,0.0009454,0
1939,N,U,0.0001163,0
1940,N,V,0.0009368,0.01913
1941,N,U,0.0001565,0
1942,N,V,0.0002983,0.00468
1943,N,V,0.0007032,0
1944,N,V,0.0009468,0.02058
1945,N,V,0.0006623,0
1946,N,U,0.0000145,0
1947,N,V,0.0009394,0
1948,N,V,0.0005274,0
1949,N,V,0.0005411,0.00963
1950,N,V,0.0005834,0.01152
1951,N,V,0.0003546,0.00552
1952,N,V,0.000967,0.01782
1953,N,U,0.0000777,0
1954,N,U,0.0000655,0
1955,D,V,0.0005276,0.00931
1956,N,U,0.0001752,0
1957,N,V,0.0003843,0
1958,N,V,0.0008091,0
1959,N,V,0.0003112,0.00446
1960,N,V,0.0008299,0
1961,N,V,0.0003389,0
1962,N,U,0.0001085,0
1963,N,V,0.0002772,0.00447
1964,N,V,0.0006033,0
1965,N,V,0.000782,0.01508
1966,N,V,0.0002697,0
1967,N,U,0.0001683,0
1968,N,V,0.0006712,0
1969,N,V,0.0009822,0
1970,N,V,0.0003893,0.0071
1971,N,V,0.0006859,0
1972,N,V,0.0004469,0.00711
1973,N,U,0.0001089,0
1974,D,V,0.0005822,0
1975,N,V,0.0009116,0
1976,D,V,0.0002322,0.00293
1977,N,V,0.0003424,0.00536
1978,N,V,0.0006605,0
1979,N,V,0.0008732,0.01693
1980,N,V,0.0006918,0
1981,N,V,0.0006533,0.01146
1982,N,V,0.0007403,0
1983,N,U,0.0001003,0
1984,N,V,0.0009838,0.02017
1985,D,V,0.0008392,0.01775
1986,N,V,0.0005671,0.01041
1987,N,V,0.0009452,0
1988,N,V,0.0003236,0
1989,N,V,0.0004625,0
1990,N,U,0.0000379,0
1991,N,V,0.0005436,0.0109
1992,N,V,0.0007198,0.0132
1993,N,V,0.000976,0.02056
1994,N,U,0.0000861,0
1995,N,V,0.0004623,0
1996,N,V,0.0004688,0.00838
1997,N,V,0.0004989,0
1998,N,V,0.0007006,0
1999,N,V,0.0003715,0.00672
2000,N,V,0.0004565,0.00883
